﻿<?xml version="1.0" encoding="utf-8"?>
<HelpKI>
  <HelpKINode Title="AddToUserMessageCount method" Url="html/7ca18642-900c-1e0c-f1a1-580754d4b3d5.htm" />
  <HelpKINode Title="BlockUser method" Url="html/6baa70d6-55b1-96e8-5dac-cb5fa4474d49.htm" />
  <HelpKINode Title="ChangeConnectionID method" Url="html/b6b36a1d-6685-2749-2975-9318d2793ee3.htm" />
  <HelpKINode Title="ChangePassword method" Url="html/575a0a8d-bb0b-c5f8-687c-27c6aebf424a.htm" />
  <HelpKINode Title="ChangeUsername method" Url="html/8b4be046-f1cb-87a9-9761-ee13f3dc987c.htm" />
  <HelpKINode Title="CloseConnection method" Url="html/32311ca7-d9b1-701c-51c0-24a9646a622f.htm" />
  <HelpKINode Title="CreateUser method" Url="html/be6b4f82-1d32-5153-30eb-d4e6ab86604d.htm" />
  <HelpKINode Title="DeleteUser method" Url="html/170e9c49-e211-cc07-4553-530cb205465c.htm" />
  <HelpKINode Title="DoesUsernameExist method" Url="html/1bb47f9b-a767-d044-5b1d-28b2455f13a3.htm" />
  <HelpKINode Title="GetDummyList method" Url="html/dcc88b54-9f95-763b-ed97-eebe44ad1fe1.htm" />
  <HelpKINode Title="GetDummyPoolSize method" Url="html/90eecaca-c11c-4666-1c7d-a710d5def8e7.htm" />
  <HelpKINode Title="GetLobbyUserList method" Url="html/fade1626-4220-a5ef-026b-369415984b57.htm" />
  <HelpKINode Title="GetLoginList method" Url="html/88fcd56c-f0b9-26c4-d00c-2a5b5519911e.htm" />
  <HelpKINode Title="GetLoginPoolSize method" Url="html/d9e1ef25-2ec0-78d3-6c54-1739be1f0602.htm" />
  <HelpKINode Title="GetMessageCountAtRank method" Url="html/c1bffb03-9799-20f9-1d2b-96d0f562ad32.htm" />
  <HelpKINode Title="GetSubTopList method" Url="html/907e7013-a29d-7be8-7a1e-e0d7e040197b.htm" />
  <HelpKINode Title="GetTopList method" Url="html/7e77e37f-4177-b75e-2f3a-e2b2555fd293.htm" />
  <HelpKINode Title="GetUserConnectionID method" Url="html/69d96fa5-67f9-3ceb-6d6e-5020151229e2.htm" />
  <HelpKINode Title="GetUserList method" Url="html/3352de7c-fd3c-e9cc-6861-de978e815809.htm" />
  <HelpKINode Title="GetUserLocation method" Url="html/7688d5e3-c573-d451-3a2e-09ae55227c1d.htm" />
  <HelpKINode Title="GetUserMessageCount method" Url="html/74007a01-2080-7879-fd55-5c9fb79aae80.htm" />
  <HelpKINode Title="GetUsernameAtRank method" Url="html/0a1d8e2e-ac4c-30f1-6163-3f634ee98a30.htm" />
  <HelpKINode Title="GetUserPoolSize method" Url="html/90e1e577-0ffd-1ce3-fb4a-2399938e2293.htm" />
  <HelpKINode Title="GetUserRank method" Url="html/95d91b86-d3b3-8387-27e3-a6bc0c4aeaa0.htm" />
  <HelpKINode Title="GetUserSuspendTime method" Url="html/2326e5c3-4172-f78f-eb18-b1d64593a282.htm" />
  <HelpKINode Title="IsUserBlocked method" Url="html/b7fb0fa0-0168-5758-091b-e0f2c7032af9.htm" />
  <HelpKINode Title="IsUserDummy method" Url="html/9b10776e-f66a-d0f3-7e11-66da208ab125.htm" />
  <HelpKINode Title="IsUserLoggedIn method" Url="html/5b67eafc-e461-37e0-9fb8-4cb1756aaedc.htm" />
  <HelpKINode Title="Login method" Url="html/2ab4de59-09a8-5f3b-67f0-74b50059e547.htm" />
  <HelpKINode Title="Logout method" Url="html/ab5f5b04-9af1-0f38-7978-1ce4533b09a9.htm" />
  <HelpKINode Title="MikRedisDB namespace" Url="html/c0f04f03-27b7-d0e3-c129-f283b0574c6b.htm" />
  <HelpKINode Title="MikRedisDB.RedisDBController class" Url="html/d1560e8e-f10a-b120-c77f-a049d235b372.htm" />
  <HelpKINode Title="RedisDBController class">
    <HelpKINode Title="RedisDBController Class" Url="html/d1560e8e-f10a-b120-c77f-a049d235b372.htm" />
    <HelpKINode Title="about RedisDBController class" Url="html/d1560e8e-f10a-b120-c77f-a049d235b372.htm" />
    <HelpKINode Title="constructor" Url="html/913482f3-b761-52a7-b65f-3647abc896eb.htm" />
    <HelpKINode Title="methods" Url="html/eb957c3b-89ec-ed5c-7085-42e776351df0.htm" />
  </HelpKINode>
  <HelpKINode Title="RedisDBController.AddToUserMessageCount method" Url="html/7ca18642-900c-1e0c-f1a1-580754d4b3d5.htm" />
  <HelpKINode Title="RedisDBController.BlockUser method" Url="html/6baa70d6-55b1-96e8-5dac-cb5fa4474d49.htm" />
  <HelpKINode Title="RedisDBController.ChangeConnectionID method" Url="html/b6b36a1d-6685-2749-2975-9318d2793ee3.htm" />
  <HelpKINode Title="RedisDBController.ChangePassword method" Url="html/575a0a8d-bb0b-c5f8-687c-27c6aebf424a.htm" />
  <HelpKINode Title="RedisDBController.ChangeUsername method" Url="html/8b4be046-f1cb-87a9-9761-ee13f3dc987c.htm" />
  <HelpKINode Title="RedisDBController.CloseConnection method" Url="html/32311ca7-d9b1-701c-51c0-24a9646a622f.htm" />
  <HelpKINode Title="RedisDBController.CreateUser method" Url="html/be6b4f82-1d32-5153-30eb-d4e6ab86604d.htm" />
  <HelpKINode Title="RedisDBController.DeleteUser method" Url="html/170e9c49-e211-cc07-4553-530cb205465c.htm" />
  <HelpKINode Title="RedisDBController.DoesUsernameExist method" Url="html/1bb47f9b-a767-d044-5b1d-28b2455f13a3.htm" />
  <HelpKINode Title="RedisDBController.GetDummyList method" Url="html/dcc88b54-9f95-763b-ed97-eebe44ad1fe1.htm" />
  <HelpKINode Title="RedisDBController.GetDummyPoolSize method" Url="html/90eecaca-c11c-4666-1c7d-a710d5def8e7.htm" />
  <HelpKINode Title="RedisDBController.GetLobbyUserList method" Url="html/fade1626-4220-a5ef-026b-369415984b57.htm" />
  <HelpKINode Title="RedisDBController.GetLoginList method" Url="html/88fcd56c-f0b9-26c4-d00c-2a5b5519911e.htm" />
  <HelpKINode Title="RedisDBController.GetLoginPoolSize method" Url="html/d9e1ef25-2ec0-78d3-6c54-1739be1f0602.htm" />
  <HelpKINode Title="RedisDBController.GetMessageCountAtRank method" Url="html/c1bffb03-9799-20f9-1d2b-96d0f562ad32.htm" />
  <HelpKINode Title="RedisDBController.GetSubTopList method" Url="html/907e7013-a29d-7be8-7a1e-e0d7e040197b.htm" />
  <HelpKINode Title="RedisDBController.GetTopList method" Url="html/7e77e37f-4177-b75e-2f3a-e2b2555fd293.htm" />
  <HelpKINode Title="RedisDBController.GetUserConnectionID method" Url="html/69d96fa5-67f9-3ceb-6d6e-5020151229e2.htm" />
  <HelpKINode Title="RedisDBController.GetUserList method" Url="html/3352de7c-fd3c-e9cc-6861-de978e815809.htm" />
  <HelpKINode Title="RedisDBController.GetUserLocation method" Url="html/7688d5e3-c573-d451-3a2e-09ae55227c1d.htm" />
  <HelpKINode Title="RedisDBController.GetUserMessageCount method" Url="html/74007a01-2080-7879-fd55-5c9fb79aae80.htm" />
  <HelpKINode Title="RedisDBController.GetUsernameAtRank method" Url="html/0a1d8e2e-ac4c-30f1-6163-3f634ee98a30.htm" />
  <HelpKINode Title="RedisDBController.GetUserPoolSize method" Url="html/90e1e577-0ffd-1ce3-fb4a-2399938e2293.htm" />
  <HelpKINode Title="RedisDBController.GetUserRank method" Url="html/95d91b86-d3b3-8387-27e3-a6bc0c4aeaa0.htm" />
  <HelpKINode Title="RedisDBController.GetUserSuspendTime method" Url="html/2326e5c3-4172-f78f-eb18-b1d64593a282.htm" />
  <HelpKINode Title="RedisDBController.IsUserBlocked method" Url="html/b7fb0fa0-0168-5758-091b-e0f2c7032af9.htm" />
  <HelpKINode Title="RedisDBController.IsUserDummy method" Url="html/9b10776e-f66a-d0f3-7e11-66da208ab125.htm" />
  <HelpKINode Title="RedisDBController.IsUserLoggedIn method" Url="html/5b67eafc-e461-37e0-9fb8-4cb1756aaedc.htm" />
  <HelpKINode Title="RedisDBController.Login method" Url="html/2ab4de59-09a8-5f3b-67f0-74b50059e547.htm" />
  <HelpKINode Title="RedisDBController.Logout method" Url="html/ab5f5b04-9af1-0f38-7978-1ce4533b09a9.htm" />
  <HelpKINode Title="RedisDBController.RedisDBController constructor" Url="html/913482f3-b761-52a7-b65f-3647abc896eb.htm" />
  <HelpKINode Title="RedisDBController.RoomAddUser method" Url="html/80fb02a8-01f4-16e1-3827-6ceb765821c7.htm" />
  <HelpKINode Title="RedisDBController.RoomChangeTitle method" Url="html/1a3b6aa5-d76c-6769-7fcf-0a53003268c8.htm" />
  <HelpKINode Title="RedisDBController.RoomContainsUser method" Url="html/ab3ce93c-97d4-3fcd-11fe-aa5c04e4849f.htm" />
  <HelpKINode Title="RedisDBController.RoomCreate method" Url="html/d0002942-811d-4414-242f-dfe7782c8a07.htm" />
  <HelpKINode Title="RedisDBController.RoomExist method" Url="html/f79eaf5c-0672-1cb2-651c-a7d69f608962.htm" />
  <HelpKINode Title="RedisDBController.RoomGetOwner method" Url="html/e38f4bac-bc2e-eda6-256b-e5858064dbd1.htm" />
  <HelpKINode Title="RedisDBController.RoomGetSizeRank method" Url="html/aacc276c-b3d3-b28c-bb0a-e2973f16f9ce.htm" />
  <HelpKINode Title="RedisDBController.RoomGetTitle method" Url="html/2a6dc445-aa4e-f9d7-11fb-06973b91f3dd.htm" />
  <HelpKINode Title="RedisDBController.RoomGetUserCount method" Url="html/86f416a7-5859-eff7-6db6-5089c65e2c1b.htm" />
  <HelpKINode Title="RedisDBController.RoomList method" Url="html/4201e17b-2219-1a3d-6ec9-62a9e96e75df.htm" />
  <HelpKINode Title="RedisDBController.RoomRemoveUser method" Url="html/3a0abcac-45f8-a6c1-5001-6900d1f5d3e3.htm" />
  <HelpKINode Title="RedisDBController.RoomSetOwner method" Url="html/737a73a6-2798-3d1d-4c62-a203dd5add29.htm" />
  <HelpKINode Title="RedisDBController.RoomSizeRankList method" Url="html/de750f78-0cd9-2826-3378-8c3c284c5ca5.htm" />
  <HelpKINode Title="RedisDBController.RoomUserList method" Url="html/aa8ebc44-965f-56d2-ffdb-b6d6be742eba.htm" />
  <HelpKINode Title="RedisDBController.SetConfigurationOptions method" Url="html/c9913990-8965-ae3f-fbe5-2ced43ac6d9c.htm" />
  <HelpKINode Title="RedisDBController.SetupConnection method" Url="html/a2adc4f8-5bda-e335-8e3a-24509a6e452e.htm" />
  <HelpKINode Title="RedisDBController.UnBlockUser method" Url="html/a2fb9bd4-6bea-b791-3dc1-6b31e97aee52.htm" />
  <HelpKINode Title="RoomAddUser method" Url="html/80fb02a8-01f4-16e1-3827-6ceb765821c7.htm" />
  <HelpKINode Title="RoomChangeTitle method" Url="html/1a3b6aa5-d76c-6769-7fcf-0a53003268c8.htm" />
  <HelpKINode Title="RoomContainsUser method" Url="html/ab3ce93c-97d4-3fcd-11fe-aa5c04e4849f.htm" />
  <HelpKINode Title="RoomCreate method" Url="html/d0002942-811d-4414-242f-dfe7782c8a07.htm" />
  <HelpKINode Title="RoomExist method" Url="html/f79eaf5c-0672-1cb2-651c-a7d69f608962.htm" />
  <HelpKINode Title="RoomGetOwner method" Url="html/e38f4bac-bc2e-eda6-256b-e5858064dbd1.htm" />
  <HelpKINode Title="RoomGetSizeRank method" Url="html/aacc276c-b3d3-b28c-bb0a-e2973f16f9ce.htm" />
  <HelpKINode Title="RoomGetTitle method" Url="html/2a6dc445-aa4e-f9d7-11fb-06973b91f3dd.htm" />
  <HelpKINode Title="RoomGetUserCount method" Url="html/86f416a7-5859-eff7-6db6-5089c65e2c1b.htm" />
  <HelpKINode Title="RoomList method" Url="html/4201e17b-2219-1a3d-6ec9-62a9e96e75df.htm" />
  <HelpKINode Title="RoomRemoveUser method" Url="html/3a0abcac-45f8-a6c1-5001-6900d1f5d3e3.htm" />
  <HelpKINode Title="RoomSetOwner method" Url="html/737a73a6-2798-3d1d-4c62-a203dd5add29.htm" />
  <HelpKINode Title="RoomSizeRankList method" Url="html/de750f78-0cd9-2826-3378-8c3c284c5ca5.htm" />
  <HelpKINode Title="RoomUserList method" Url="html/aa8ebc44-965f-56d2-ffdb-b6d6be742eba.htm" />
  <HelpKINode Title="SetConfigurationOptions method" Url="html/c9913990-8965-ae3f-fbe5-2ced43ac6d9c.htm" />
  <HelpKINode Title="SetupConnection method" Url="html/a2adc4f8-5bda-e335-8e3a-24509a6e452e.htm" />
  <HelpKINode Title="UnBlockUser method" Url="html/a2fb9bd4-6bea-b791-3dc1-6b31e97aee52.htm" />
</HelpKI>
