﻿<?xml version="1.0" encoding="utf-8"?><HelpTOCNode Title="RedisDBController Methods" Url="html/eb957c3b-89ec-ed5c-7085-42e776351df0.htm"><HelpTOCNode Title="AddToUserMessageCount Method " Url="html/7ca18642-900c-1e0c-f1a1-580754d4b3d5.htm" /><HelpTOCNode Title="BlockUser Method " Url="html/6baa70d6-55b1-96e8-5dac-cb5fa4474d49.htm" /><HelpTOCNode Title="ChangeConnectionID Method " Url="html/b6b36a1d-6685-2749-2975-9318d2793ee3.htm" /><HelpTOCNode Title="ChangePassword Method " Url="html/575a0a8d-bb0b-c5f8-687c-27c6aebf424a.htm" /><HelpTOCNode Title="ChangeUsername Method " Url="html/8b4be046-f1cb-87a9-9761-ee13f3dc987c.htm" /><HelpTOCNode Title="CloseConnection Method " Url="html/32311ca7-d9b1-701c-51c0-24a9646a622f.htm" /><HelpTOCNode Title="CreateUser Method " Url="html/be6b4f82-1d32-5153-30eb-d4e6ab86604d.htm" /><HelpTOCNode Title="DeleteUser Method " Url="html/170e9c49-e211-cc07-4553-530cb205465c.htm" /><HelpTOCNode Title="DoesUsernameExist Method " Url="html/1bb47f9b-a767-d044-5b1d-28b2455f13a3.htm" /><HelpTOCNode Title="GetDummyList Method " Url="html/dcc88b54-9f95-763b-ed97-eebe44ad1fe1.htm" /><HelpTOCNode Title="GetDummyPoolSize Method " Url="html/90eecaca-c11c-4666-1c7d-a710d5def8e7.htm" /><HelpTOCNode Title="GetLobbyUserList Method " Url="html/fade1626-4220-a5ef-026b-369415984b57.htm" /><HelpTOCNode Title="GetLoginList Method " Url="html/88fcd56c-f0b9-26c4-d00c-2a5b5519911e.htm" /><HelpTOCNode Title="GetLoginPoolSize Method " Url="html/d9e1ef25-2ec0-78d3-6c54-1739be1f0602.htm" /><HelpTOCNode Title="GetMessageCountAtRank Method " Url="html/c1bffb03-9799-20f9-1d2b-96d0f562ad32.htm" /><HelpTOCNode Title="GetSubTopList Method " Url="html/907e7013-a29d-7be8-7a1e-e0d7e040197b.htm" /><HelpTOCNode Title="GetTopList Method " Url="html/7e77e37f-4177-b75e-2f3a-e2b2555fd293.htm" /><HelpTOCNode Title="GetUserConnectionID Method " Url="html/69d96fa5-67f9-3ceb-6d6e-5020151229e2.htm" /><HelpTOCNode Title="GetUserList Method " Url="html/3352de7c-fd3c-e9cc-6861-de978e815809.htm" /><HelpTOCNode Title="GetUserLocation Method " Url="html/7688d5e3-c573-d451-3a2e-09ae55227c1d.htm" /><HelpTOCNode Title="GetUserMessageCount Method " Url="html/74007a01-2080-7879-fd55-5c9fb79aae80.htm" /><HelpTOCNode Title="GetUsernameAtRank Method " Url="html/0a1d8e2e-ac4c-30f1-6163-3f634ee98a30.htm" /><HelpTOCNode Title="GetUserPoolSize Method " Url="html/90e1e577-0ffd-1ce3-fb4a-2399938e2293.htm" /><HelpTOCNode Title="GetUserRank Method " Url="html/95d91b86-d3b3-8387-27e3-a6bc0c4aeaa0.htm" /><HelpTOCNode Title="GetUserSuspendTime Method " Url="html/2326e5c3-4172-f78f-eb18-b1d64593a282.htm" /><HelpTOCNode Title="IsUserBlocked Method " Url="html/b7fb0fa0-0168-5758-091b-e0f2c7032af9.htm" /><HelpTOCNode Title="IsUserDummy Method " Url="html/9b10776e-f66a-d0f3-7e11-66da208ab125.htm" /><HelpTOCNode Title="IsUserLoggedIn Method " Url="html/5b67eafc-e461-37e0-9fb8-4cb1756aaedc.htm" /><HelpTOCNode Title="Login Method " Url="html/2ab4de59-09a8-5f3b-67f0-74b50059e547.htm" /><HelpTOCNode Title="Logout Method " Url="html/ab5f5b04-9af1-0f38-7978-1ce4533b09a9.htm" /><HelpTOCNode Title="RoomAddUser Method " Url="html/80fb02a8-01f4-16e1-3827-6ceb765821c7.htm" /><HelpTOCNode Title="RoomChangeTitle Method " Url="html/1a3b6aa5-d76c-6769-7fcf-0a53003268c8.htm" /><HelpTOCNode Title="RoomContainsUser Method " Url="html/ab3ce93c-97d4-3fcd-11fe-aa5c04e4849f.htm" /><HelpTOCNode Title="RoomCreate Method " Url="html/7e49b7e9-135f-e10a-fd40-a8a493ea5fc8.htm" /><HelpTOCNode Title="RoomExist Method " Url="html/f79eaf5c-0672-1cb2-651c-a7d69f608962.htm" /><HelpTOCNode Title="RoomGetOwner Method " Url="html/e38f4bac-bc2e-eda6-256b-e5858064dbd1.htm" /><HelpTOCNode Title="RoomGetServerID Method " Url="html/9b65af4c-1d81-baee-f1d4-8febfb10032c.htm" /><HelpTOCNode Title="RoomGetSizeRank Method " Url="html/aacc276c-b3d3-b28c-bb0a-e2973f16f9ce.htm" /><HelpTOCNode Title="RoomGetTitle Method " Url="html/2a6dc445-aa4e-f9d7-11fb-06973b91f3dd.htm" /><HelpTOCNode Title="RoomGetUserCount Method " Url="html/86f416a7-5859-eff7-6db6-5089c65e2c1b.htm" /><HelpTOCNode Title="RoomList Method " Url="html/4201e17b-2219-1a3d-6ec9-62a9e96e75df.htm" /><HelpTOCNode Title="RoomListByServerID Method " Url="html/f9121f05-a422-7b71-6c8b-ce408e50ce37.htm" /><HelpTOCNode Title="RoomPurge Method " Url="html/7bf47677-9220-75e7-78c9-a0902808c8e8.htm" /><HelpTOCNode Title="RoomRemoveUser Method " Url="html/3a0abcac-45f8-a6c1-5001-6900d1f5d3e3.htm" /><HelpTOCNode Title="RoomSetOwner Method " Url="html/737a73a6-2798-3d1d-4c62-a203dd5add29.htm" /><HelpTOCNode Title="RoomSetServerID Method " Url="html/ba722db1-2c70-20ee-679e-a77fcdc20b0c.htm" /><HelpTOCNode Title="RoomSizeRankList Method " Url="html/de750f78-0cd9-2826-3378-8c3c284c5ca5.htm" /><HelpTOCNode Title="RoomUserList Method " Url="html/aa8ebc44-965f-56d2-ffdb-b6d6be742eba.htm" /><HelpTOCNode Title="ServerGetRoomCount Method " Url="html/ab6a0aa7-8f5c-6a68-53b7-2d517d4e9db8.htm" /><HelpTOCNode Title="ServerRoomCountRanking Method " Url="html/52019e8e-e7f0-4c56-d286-1b3bb95d34fc.htm" /><HelpTOCNode Title="SetConfigurationOptions Method " Url="html/c9913990-8965-ae3f-fbe5-2ced43ac6d9c.htm" /><HelpTOCNode Title="SetupConnection Method " Url="html/a2adc4f8-5bda-e335-8e3a-24509a6e452e.htm" /><HelpTOCNode Title="UnBlockUser Method " Url="html/a2fb9bd4-6bea-b791-3dc1-6b31e97aee52.htm" /></HelpTOCNode>